Week,City,Service,Post Title,Post Text,CTA Button Text,Service Page Link
1,Fort Lauderdale,Washer,Same-Day Washer Repair in Fort Lauderdale,"Washer leaking? Not spinning? Water pooling underneath? Top Speed Appliance fixes washer problems fast. Licensed technicians, same-day service available. Call now!",Call Now,https://topspeedappliance.net/washer-repair?utm_source=google&utm_medium=organic&utm_campaign=gbp_washer
2,Fort Lauderdale,Dryer,Fast Dryer Repair in Fort Lauderdale,"Dryer not heating? Taking too long to dry? Making loud noises? We fix gas and electric dryers same-day. Licensed, insured technicians. Call for fast service!",Call Now,https://topspeedappliance.net/dryer-repair?utm_source=google&utm_medium=organic&utm_campaign=gbp_dryer
3,Fort Lauderdale,Refrigerator,Refrigerator Repair Experts in Fort Lauderdale,"Fridge not cooling? Ice maker broken? Water leaking? Don't let food spoil! Top Speed Appliance offers same-day refrigerator repair. Emergency service available.",Call Now,https://topspeedappliance.net/refrigerator-repair?utm_source=google&utm_medium=organic&utm_campaign=gbp_refrigerator
4,Fort Lauderdale,Oven & Stove,Oven & Stove Repair in Fort Lauderdale,"Oven not heating? Burners won't light? Temperature problems? We repair gas and electric ovens and stoves same-day. Licensed technicians. Call now!",Call Now,https://topspeedappliance.net/oven-stove-repair?utm_source=google&utm_medium=organic&utm_campaign=gbp_oven
5,Hollywood,Washer,Same-Day Washer Repair in Hollywood FL,"Washer leaking or not spinning in Hollywood? Top Speed Appliance provides fast repair for all major brands. Same-day service available. Call (954) 931-7997",Call Now,https://topspeedappliance.net/washer-repair?utm_source=google&utm_medium=organic&utm_campaign=gbp_washer
6,Hollywood,Dryer,Dryer Repair Experts in Hollywood FL,"We fix gas and electric dryers fast in Hollywood. Not heating? Long dry times? Loud noises? Licensed technicians, same-day service available. Call now!",Call Now,https://topspeedappliance.net/dryer-repair?utm_source=google&utm_medium=organic&utm_campaign=gbp_dryer
7,Hollywood,Refrigerator,Fast Refrigerator Repair in Hollywood,"Refrigerator problems in Hollywood? Cooling issues, ice maker broken, or leaking? Same-day repair available for all brands. Call Top Speed Appliance now!",Call Now,https://topspeedappliance.net/refrigerator-repair?utm_source=google&utm_medium=organic&utm_campaign=gbp_refrigerator
8,Hollywood,Oven & Stove,Oven & Stove Repair in Hollywood FL,"Oven and stove repair in Hollywood! Temperature problems, broken igniters, or burners not lighting? Licensed technicians, same-day service. Call (954) 931-7997",Call Now,https://topspeedappliance.net/oven-stove-repair?utm_source=google&utm_medium=organic&utm_campaign=gbp_oven
9,Plantation,Washer,Same-Day Washer Repair in Plantation FL,"Washer not working in Plantation? We fix leaks, drainage, spinning issues, and more. Licensed & insured. Same-day service available. Call Top Speed Appliance!",Call Now,https://topspeedappliance.net/washer-repair?utm_source=google&utm_medium=organic&utm_campaign=gbp_washer
10,Plantation,Dryer,Dryer Repair Experts in Plantation,"Dryer problems in Plantation? Heating issues, noise, or gas/electric problems? Fast repair by licensed technicians. Same-day appointments available. Call now!",Call Now,https://topspeedappliance.net/dryer-repair?utm_source=google&utm_medium=organic&utm_campaign=gbp_dryer
11,Plantation,Refrigerator,Refrigerator Repair in Plantation,"Refrigerator not cooling in Plantation? Ice maker broken? Water leaking? Same-day repair for all major brands. Licensed & insured. Call us now!",Call Now,https://topspeedappliance.net/refrigerator-repair?utm_source=google&utm_medium=organic&utm_campaign=gbp_refrigerator
12,Plantation,Oven & Stove,Oven & Stove Repair in Plantation FL,"Oven and stove repair in Plantation! Burners not lighting, temperature issues, or faulty controls? Licensed technicians, same-day service. Call (954) 931-7997",Call Now,https://topspeedappliance.net/oven-stove-repair?utm_source=google&utm_medium=organic&utm_campaign=gbp_oven
13,Pembroke Pines,Washer,Same-Day Washer Repair in Pembroke Pines,"Washer problems in Pembroke Pines? Leaks, drainage issues, or not spinning? Top Speed Appliance fixes it fast. Licensed technicians, same-day service.",Call Now,https://topspeedappliance.net/washer-repair?utm_source=google&utm_medium=organic&utm_campaign=gbp_washer
14,Pembroke Pines,Dryer,Dryer Repair Experts in Pembroke Pines,"Dryer not heating or making noise in Pembroke Pines? Fast repair for gas and electric dryers. Licensed & insured technicians. Same-day appointments available!",Call Now,https://topspeedappliance.net/dryer-repair?utm_source=google&utm_medium=organic&utm_campaign=gbp_dryer
15,Pembroke Pines,Refrigerator,Refrigerator Repair in Pembroke Pines,"Fridge cooling problems in Pembroke Pines? Ice maker broken or leaking? Emergency same-day repair available for all brands. Call Top Speed Appliance!",Call Now,https://topspeedappliance.net/refrigerator-repair?utm_source=google&utm_medium=organic&utm_campaign=gbp_refrigerator
16,Pembroke Pines,Oven & Stove,Oven & Stove Repair in Pembroke Pines,"Oven and stove repair in Pembroke Pines! Gas and electric models. Temperature issues, broken igniters, or faulty controls? Same-day service available!",Call Now,https://topspeedappliance.net/oven-stove-repair?utm_source=google&utm_medium=organic&utm_campaign=gbp_oven
17,Delray Beach,Washer,Same-Day Washer Repair in Delray Beach,"Washer not working in Delray Beach? Leaks, drainage problems, or spinning issues? Top Speed Appliance provides fast, reliable repair. Same-day service available.",Call Now,https://topspeedappliance.net/washer-repair?utm_source=google&utm_medium=organic&utm_campaign=gbp_washer
18,Delray Beach,Dryer,Dryer Repair Experts in Delray Beach,"Dryer problems in Delray Beach? Not heating, long dry times, or noise? We fix gas and electric dryers fast. Licensed technicians, same-day service.",Call Now,https://topspeedappliance.net/dryer-repair?utm_source=google&utm_medium=organic&utm_campaign=gbp_dryer
19,Delray Beach,Refrigerator,Refrigerator Repair in Delray Beach,"Refrigerator cooling issues in Delray Beach? Ice maker broken or leaking? Emergency same-day repair. All major brands. Licensed & insured. Call now!",Call Now,https://topspeedappliance.net/refrigerator-repair?utm_source=google&utm_medium=organic&utm_campaign=gbp_refrigerator
20,Delray Beach,Oven & Stove,Oven & Stove Repair in Delray Beach,"Oven and stove repair in Delray Beach! Burners not lighting, temperature issues, or faulty controls? Licensed technicians. Same-day service available!",Call Now,https://topspeedappliance.net/oven-stove-repair?utm_source=google&utm_medium=organic&utm_campaign=gbp_oven
21,Boynton Beach,Washer,Same-Day Washer Repair in Boynton Beach,"Washer problems in Boynton Beach? Leaks, drainage issues, or not spinning? Top Speed Appliance fixes it fast with same-day service. Call us!",Call Now,https://topspeedappliance.net/washer-repair?utm_source=google&utm_medium=organic&utm_campaign=gbp_washer
22,Boynton Beach,Dryer,Dryer Repair Experts in Boynton Beach,"Dryer not heating in Boynton Beach? Loud noises or slow drying? Gas and electric dryer specialist. Licensed technicians, same-day repair available!",Call Now,https://topspeedappliance.net/dryer-repair?utm_source=google&utm_medium=organic&utm_campaign=gbp_dryer
23,Boynton Beach,Refrigerator,Refrigerator Repair in Boynton Beach,"Fridge cooling problems in Boynton Beach? Ice maker broken or leaking? Same-day emergency repair. All major brands. Licensed & insured technicians!",Call Now,https://topspeedappliance.net/refrigerator-repair?utm_source=google&utm_medium=organic&utm_campaign=gbp_refrigerator
24,Boynton Beach,Oven & Stove,Oven & Stove Repair in Boynton Beach,"Oven and stove repair in Boynton Beach! Burners won't light, temperature issues, or faulty controls? Same-day service by licensed technicians!",Call Now,https://topspeedappliance.net/oven-stove-repair?utm_source=google&utm_medium=organic&utm_campaign=gbp_oven
25,Jupiter,Washer,Same-Day Washer Repair in Jupiter,"Washer not working in Jupiter? Leaks, drainage, or spinning problems? Top Speed Appliance provides same-day repair. Licensed & insured technicians. Call now!",Call Now,https://topspeedappliance.net/washer-repair?utm_source=google&utm_medium=organic&utm_campaign=gbp_washer
26,Jupiter,Dryer,Dryer Repair Experts in Jupiter,"Dryer problems in Jupiter? Not heating, loud noises, or long drying times? Gas and electric specialist. Licensed technicians, same-day service available.",Call Now,https://topspeedappliance.net/dryer-repair?utm_source=google&utm_medium=organic&utm_campaign=gbp_dryer
27,Jupiter,Refrigerator,Refrigerator Repair in Jupiter,"Fridge cooling issues in Jupiter? Ice maker broken? Leaking water? Emergency same-day repair available. All brands. Licensed & insured. Call now!",Call Now,https://topspeedappliance.net/refrigerator-repair?utm_source=google&utm_medium=organic&utm_campaign=gbp_refrigerator
28,Jupiter,Oven & Stove,Oven & Stove Repair in Jupiter,"Oven and stove repair in Jupiter! Burners not lighting, temperature issues? Licensed technicians, same-day appointments available. Call Top Speed Appliance!",Call Now,https://topspeedappliance.net/oven-stove-repair?utm_source=google&utm_medium=organic&utm_campaign=gbp_oven
29,Palm Beach Gardens,Washer,Same-Day Washer Repair in Palm Beach Gardens,"Washer problems in Palm Beach Gardens? Leaks, drainage, or not spinning? Top Speed Appliance provides fast repair. Same-day service. Call us!",Call Now,https://topspeedappliance.net/washer-repair?utm_source=google&utm_medium=organic&utm_campaign=gbp_washer
30,Palm Beach Gardens,Dryer,Dryer Repair Experts in Palm Beach Gardens,"Dryer not heating in Palm Beach Gardens? Long dry times or noise? Gas and electric specialist. Licensed technicians, same-day service!",Call Now,https://topspeedappliance.net/dryer-repair?utm_source=google&utm_medium=organic&utm_campaign=gbp_dryer
31,Palm Beach Gardens,Refrigerator,Refrigerator Repair in Palm Beach Gardens,"Fridge cooling issues in Palm Beach Gardens? Ice maker broken or leaking? Same-day emergency repair for all brands. Call Top Speed Appliance!",Call Now,https://topspeedappliance.net/refrigerator-repair?utm_source=google&utm_medium=organic&utm_campaign=gbp_refrigerator
32,Palm Beach Gardens,Oven & Stove,Oven & Stove Repair in Palm Beach Gardens,"Oven and stove repair in Palm Beach Gardens! Burners not lighting, temperature issues? Same-day service by licensed technicians. Call now!",Call Now,https://topspeedappliance.net/oven-stove-repair?utm_source=google&utm_medium=organic&utm_campaign=gbp_oven
33,Fort Lauderdale,Washer,Washer Repair - Leaks & Drainage Fixed,"Washer leaking water in Fort Lauderdale? Top Speed Appliance fixes drainage, spin, and leak issues same-day. All brands. Licensed & insured. Call now!",Call Now,https://topspeedappliance.net/washer-repair?utm_source=google&utm_medium=organic&utm_campaign=gbp_washer
34,Fort Lauderdale,Dryer,Dryer Repair - Heat Problems Solved,"Dryer not heating in Fort Lauderdale? We fix thermal fuse, heating elements, and gas igniter issues. Same-day service for all brands!",Call Now,https://topspeedappliance.net/dryer-repair?utm_source=google&utm_medium=organic&utm_campaign=gbp_dryer
35,Fort Lauderdale,Refrigerator,Emergency Refrigerator Repair in Fort Lauderdale,"Fridge warm in Fort Lauderdale? Don't lose food! Same-day emergency repair. Ice maker, cooling, and leak issues fixed. Call (954) 931-7997!",Call Now,https://topspeedappliance.net/refrigerator-repair?utm_source=google&utm_medium=organic&utm_campaign=gbp_refrigerator
36,Fort Lauderdale,Oven & Stove,Oven & Stove Repair - Burners & Igniters,"Oven or stove problems in Fort Lauderdale? Burners not lighting, temperature issues? Licensed technicians, same-day repair. Call Top Speed Appliance!",Call Now,https://topspeedappliance.net/oven-stove-repair?utm_source=google&utm_medium=organic&utm_campaign=gbp_oven
37,Hollywood,Washer,Washer Not Draining - Fixed Same-Day,"Washer won't drain in Hollywood? Top Speed Appliance fixes drainage clogs and pump issues same-day. All brands. Licensed technicians. Call now!",Call Now,https://topspeedappliance.net/washer-repair?utm_source=google&utm_medium=organic&utm_campaign=gbp_washer
38,Hollywood,Dryer,Dryer Taking Too Long - Get Faster Drying,"Dryer takes forever in Hollywood? We fix clogged vents, sensors, and heating elements. Same-day service. All brands. Call us!",Call Now,https://topspeedappliance.net/dryer-repair?utm_source=google&utm_medium=organic&utm_campaign=gbp_dryer
39,Hollywood,Refrigerator,Fridge Cooling Problems - Emergency Repair,"Refrigerator not cold in Hollywood? Same-day emergency repair to prevent food spoilage. Compressor, thermostat, and cooling issues. Call (954) 931-7997!",Call Now,https://topspeedappliance.net/refrigerator-repair?utm_source=google&utm_medium=organic&utm_campaign=gbp_refrigerator
40,Hollywood,Oven & Stove,Stove Burners Not Lighting - Fixed Today,"Stove burners won't light in Hollywood? Igniter issues? Gas and electric specialist. Licensed technicians, same-day repair available. Call now!",Call Now,https://topspeedappliance.net/oven-stove-repair?utm_source=google&utm_medium=organic&utm_campaign=gbp_oven
41,Plantation,Washer,Washer Repair Special - All Brands Serviced,"Washer broken in Plantation? Leaks, drainage, spin issues? We fix all brands same-day. Licensed & insured. Call Top Speed Appliance!",Call Now,https://topspeedappliance.net/washer-repair?utm_source=google&utm_medium=organic&utm_campaign=gbp_washer
42,Plantation,Dryer,Dryer Vent Cleaning - Improve Efficiency,"Is your dryer slow? Clogged vent? We clean vents and fix heating issues in Plantation. Same-day service. Call (954) 931-7997!",Call Now,https://topspeedappliance.net/dryer-repair?utm_source=google&utm_medium=organic&utm_campaign=gbp_dryer
43,Plantation,Refrigerator,Ice Maker Repair - Same-Day Fix,"Ice maker broken in Plantation? Water dispenser issues? We fix ice maker problems same-day. All brands. Licensed & insured. Call now!",Call Now,https://topspeedappliance.net/refrigerator-repair?utm_source=google&utm_medium=organic&utm_campaign=gbp_refrigerator
44,Plantation,Oven & Stove,Oven Temperature Issues - We Fix It,"Oven cooking unevenly in Plantation? Temperature problems? Sensor and element replacement available same-day. Call Top Speed Appliance!",Call Now,https://topspeedappliance.net/oven-stove-repair?utm_source=google&utm_medium=organic&utm_campaign=gbp_oven
45,Pembroke Pines,Washer,Washer Repair - Spin & Drainage Issues,"Washer not spinning in Pembroke Pines? Drainage problems? Same-day repair for all brands. Licensed & insured. Call us now!",Call Now,https://topspeedappliance.net/washer-repair?utm_source=google&utm_medium=organic&utm_campaign=gbp_washer
46,Pembroke Pines,Dryer,Dryer Repair - Heating & Noise Issues,"Dryer noisy or not heating in Pembroke Pines? We fix drum rollers, heating elements, and belts same-day. Call (954) 931-7997!",Call Now,https://topspeedappliance.net/dryer-repair?utm_source=google&utm_medium=organic&utm_campaign=gbp_dryer
47,Pembroke Pines,Refrigerator,Refrigerator Leaking Water - Fixed Same-Day,"Fridge leaking in Pembroke Pines? Water damage risk? Same-day repair. We fix drain lines and seals. Call Top Speed Appliance!",Call Now,https://topspeedappliance.net/refrigerator-repair?utm_source=google&utm_medium=organic&utm_campaign=gbp_refrigerator
48,Pembroke Pines,Oven & Stove,Oven Door Issues - Hinges & Seals,"Oven door broken in Pembroke Pines? Hinge or seal problems? We replace and repair same-day. Licensed technicians. Call now!",Call Now,https://topspeedappliance.net/oven-stove-repair?utm_source=google&utm_medium=organic&utm_campaign=gbp_oven
49,Delray Beach,Washer,Washer Error Codes - Diagnostic & Repair,"Washer showing error codes in Delray Beach? Electrical issues? We diagnose and repair same-day. All brands. Call (954) 931-7997!",Call Now,https://topspeedappliance.net/washer-repair?utm_source=google&utm_medium=organic&utm_campaign=gbp_washer
50,Delray Beach,Dryer,Dryer Thermal Fuse - Replacement Available,"Dryer won't start in Delray Beach? Thermal fuse blown? Same-day replacement. All brands. Licensed & insured. Call us!",Call Now,https://topspeedappliance.net/dryer-repair?utm_source=google&utm_medium=organic&utm_campaign=gbp_dryer
51,Delray Beach,Refrigerator,Compressor Issues - Expert Diagnosis,"Fridge compressor failing in Delray Beach? Loud noises? Same-day diagnosis. We fix compressor problems. Call Top Speed Appliance!",Call Now,https://topspeedappliance.net/refrigerator-repair?utm_source=google&utm_medium=organic&utm_campaign=gbp_refrigerator
52,Delray Beach,Oven & Stove,Control Panel Issues - Electrical Repair,"Oven controls not working in Delray Beach? Panel replacement available same-day. Licensed technicians. Call (954) 931-7997!",Call Now,https://topspeedappliance.net/oven-stove-repair?utm_source=google&utm_medium=organic&utm_campaign=gbp_oven
